,s,f,Î¨f,f_L
0,0.0,0.7745586,0.77525747,0.7636666666666648
1,0.001,0.77480006,0.77543765,0.790333333333331
2,0.002,0.7750438,0.7756251,0.7619999999999971
3,0.003,0.77529,0.7758194,0.773999999999998
4,0.004,0.77553844,0.77601975,0.7639999999999971
5,0.005,0.7757894,0.77622575,0.7849999999999973
6,0.006,0.77604264,0.77643734,0.766666666666665
7,0.007,0.7762983,0.7766542,0.7759999999999976
8,0.008,0.77655643,0.776876,0.7716666666666646
9,0.009,0.77681696,0.7771029,0.7726666666666646
10,0.01,0.77707994,0.7773343,0.7826666666666646
11,0.011,0.7773453,0.77757037,0.7839999999999973
12,0.012,0.7776131,0.7778109,0.7803333333333315
13,0.013,0.77788323,0.7780559,0.771666666666664
14,0.014,0.77815586,0.778305,0.7753333333333315
15,0.015,0.7784311,0.77855843,0.7796666666666642
16,0.016,0.77870864,0.7788158,0.7879999999999967
17,0.017,0.7789888,0.7790773,0.7839999999999974
18,0.018,0.77927125,0.77934265,0.7779999999999976
19,0.019,0.7795563,0.77961177,0.784333333333331
20,0.02,0.77984375,0.77988464,0.7769999999999981
21,0.021,0.78013355,0.78016126,0.7793333333333314
22,0.022,0.7804259,0.78044146,0.7693333333333316
23,0.023,0.7807206,0.7807253,0.7873333333333303
24,0.024,0.7810179,0.7810125,0.7826666666666643
25,0.025,0.7813175,0.78130317,0.7829999999999975
26,0.026,0.78161967,0.78159726,0.7839999999999984
27,0.027,0.7819241,0.78189474,0.785999999999997
28,0.028,0.78223103,0.78219527,0.7783333333333309
29,0.029,0.7825405,0.78249925,0.781333333333331
30,0.03,0.7828523,0.7828062,0.7789999999999977
31,0.031,0.7831665,0.7831164,0.785999999999998
32,0.032,0.7834832,0.7834296,0.7733333333333313
33,0.033,0.7838021,0.7837457,0.7836666666666652
34,0.034,0.7841236,0.78406495,0.7739999999999982
35,0.035,0.78444725,0.7843871,0.7869999999999975
36,0.036,0.7847733,0.7847121,0.7783333333333309
37,0.037,0.78510183,0.78503996,0.7899999999999975
38,0.038,0.7854326,0.78537047,0.7949999999999977
39,0.039,0.7857656,0.7857039,0.7873333333333316
40,0.04,0.7861012,0.78604,0.7833333333333309
41,0.041,0.78643876,0.7863788,0.7869999999999969
42,0.042,0.7867788,0.78672016,0.7879999999999974
43,0.043,0.7871211,0.78706414,0.7836666666666638
44,0.044,0.78746563,0.7874107,0.7829999999999978
45,0.045,0.7878125,0.7877598,0.7893333333333309
46,0.046,0.7881614,0.78811127,0.8016666666666638
47,0.047,0.78851265,0.7884654,0.7776666666666653
48,0.048,0.7888661,0.7888218,0.7809999999999974
49,0.049,0.7892216,0.7891806,0.7766666666666643
50,0.05,0.78957933,0.7895418,0.791333333333331
51,0.051,0.78993917,0.7899052,0.7949999999999972
52,0.052,0.7903011,0.79027086,0.8026666666666642
53,0.053,0.7906652,0.790639,0.7896666666666639
54,0.054,0.7910315,0.79100907,0.7773333333333313
55,0.055,0.7913998,0.7913815,0.7989999999999973
56,0.056,0.79177004,0.7917561,0.7849999999999976
57,0.057,0.7921424,0.7921327,0.7816666666666644
58,0.058,0.79251677,0.7925114,0.7953333333333309
59,0.059,0.79289323,0.79289216,0.8039999999999967
60,0.06,0.7932715,0.793275,0.7829999999999979
61,0.061,0.7936517,0.79365987,0.7943333333333308
62,0.062,0.7940339,0.79404664,0.7926666666666641
63,0.063,0.7944181,0.7944353,0.7936666666666643
64,0.064,0.7948041,0.79482603,0.7949999999999982
65,0.065,0.79519206,0.79521847,0.794666666666664
66,0.066,0.79558176,0.7956129,0.8053333333333309
67,0.067,0.7959733,0.79600906,0.799333333333332
68,0.068,0.79636675,0.7964071,0.8003333333333308
69,0.069,0.7967619,0.7968068,0.789333333333331
70,0.07,0.79715884,0.79720837,0.7939999999999973
71,0.071,0.7975576,0.79761165,0.8009999999999965
72,0.072,0.7979581,0.79801655,0.807666666666664
73,0.073,0.7983601,0.7984232,0.7939999999999965
74,0.074,0.79876405,0.7988314,0.7986666666666642
75,0.075,0.7991694,0.79924124,0.8036666666666651
76,0.076,0.7995765,0.7996527,0.8053333333333301
77,0.077,0.79998535,0.80006576,0.7916666666666636
78,0.078,0.80039585,0.8004803,0.791333333333331
79,0.079,0.80080754,0.8008963,0.7963333333333308
80,0.08,0.80122113,0.8013139,0.802333333333331
81,0.081,0.8016362,0.80173296,0.7986666666666651
82,0.082,0.8020527,0.8021534,0.8029999999999975
83,0.083,0.8024706,0.80257523,0.7979999999999985
84,0.084,0.8028902,0.80299854,0.8049999999999969
85,0.085,0.80331105,0.8034232,0.7926666666666646
86,0.086,0.80373335,0.8038492,0.8103333333333308
87,0.087,0.80415714,0.8042766,0.8049999999999969
88,0.088,0.80458224,0.8047052,0.8029999999999975
89,0.089,0.80500865,0.80513513,0.7996666666666636
90,0.09,0.80543643,0.8055663,0.8126666666666642
91,0.091,0.80586576,0.8059986,0.808333333333331
92,0.092,0.8062961,0.80643225,0.7979999999999972
93,0.093,0.8067279,0.8068671,0.8183333333333308
94,0.094,0.8071608,0.807303,0.8143333333333315
95,0.095,0.8075951,0.8077402,0.802999999999998
96,0.096,0.80803037,0.8081785,0.8133333333333305
97,0.097,0.808467,0.8086179,0.8089999999999974
98,0.098,0.80890465,0.80905837,0.803666666666663
99,0.099,0.80934364,0.80949986,0.8053333333333306
100,0.1,0.80978364,0.8099423,0.8043333333333311
101,0.101,0.81022483,0.81038594,0.8109999999999978
102,0.102,0.81066704,0.81083053,0.8089999999999979
103,0.103,0.8111102,0.81127614,0.8183333333333307
104,0.104,0.8115547,0.81172264,0.8233333333333304
105,0.105,0.812,0.81217015,0.8019999999999963
106,0.106,0.81244636,0.8126185,0.8189999999999966
107,0.107,0.8128935,0.81306785,0.809999999999997
108,0.108,0.813342,0.81351805,0.8143333333333301
109,0.109,0.8137912,0.8139691,0.8073333333333307
110,0.11,0.81424123,0.81442094,0.8176666666666635
111,0.111,0.8146923,0.81487364,0.8063333333333316
112,0.112,0.81514436,0.8153272,0.8113333333333304
113,0.113,0.81559706,0.8157814,0.8006666666666642
114,0.114,0.8160508,0.81623656,0.8126666666666641
115,0.115,0.8165053,0.81669235,0.8133333333333308
116,0.116,0.81696045,0.8171489,0.8159999999999972
117,0.117,0.81741667,0.8176062,0.8273333333333308
118,0.118,0.8178733,0.8180642,0.835666666666664
119,0.119,0.818331,0.8185229,0.8266666666666646
120,0.12,0.81878936,0.8189821,0.8056666666666641
121,0.121,0.8192484,0.81944203,0.8269999999999984
122,0.122,0.8197081,0.81990266,0.8173333333333308
123,0.123,0.8201685,0.8203639,0.804333333333331
124,0.124,0.8206295,0.8208256,0.8293333333333303
125,0.125,0.821091,0.821288,0.8253333333333304
126,0.126,0.82155335,0.8217509,0.825666666666664
127,0.127,0.8220163,0.82221437,0.8133333333333311
128,0.128,0.82247984,0.8226783,0.8173333333333302
129,0.129,0.82294387,0.8231428,0.8253333333333306
130,0.13,0.8234084,0.8236077,0.8263333333333304
131,0.131,0.82387346,0.82407314,0.8179999999999978
132,0.132,0.82433915,0.82453907,0.8239999999999977
133,0.133,0.8248053,0.8250054,0.8226666666666639
134,0.134,0.82527196,0.8254722,0.8299999999999966
135,0.135,0.825739,0.82593936,0.8189999999999973
136,0.136,0.8262066,0.8264069,0.82233333333333
137,0.137,0.82667434,0.8268748,0.8309999999999975
138,0.138,0.82714283,0.827343,0.8389999999999966
139,0.139,0.82761174,0.8278117,0.8203333333333316
140,0.14,0.8280808,0.82828057,0.8199999999999971
141,0.141,0.82855034,0.82874984,0.8186666666666637
142,0.142,0.8290202,0.82921946,0.8229999999999977
143,0.143,0.82949024,0.82968926,0.8326666666666638
144,0.144,0.82996076,0.8301594,0.8283333333333315
145,0.145,0.8304316,0.8306298,0.8253333333333305
146,0.146,0.83090276,0.8311004,0.8316666666666637
147,0.147,0.83137417,0.83157134,0.8236666666666633
148,0.148,0.8318457,0.83204234,0.8213333333333307
149,0.149,0.83231753,0.8325136,0.8276666666666647
150,0.15,0.83278966,0.832985,0.8296666666666634
151,0.151,0.833262,0.8334566,0.837666666666664
152,0.152,0.8337344,0.8339283,0.821666666666664
153,0.153,0.8342071,0.8344002,0.8286666666666647
154,0.154,0.8346799,0.83487225,0.8273333333333306
155,0.155,0.8351529,0.8353443,0.830666666666664
156,0.156,0.835626,0.8358165,0.8393333333333304
157,0.157,0.83609927,0.83628887,0.8396666666666637
158,0.158,0.8365726,0.8367612,0.833666666666664
159,0.159,0.83704597,0.8372336,0.8409999999999965
160,0.16,0.83751947,0.8377061,0.8343333333333306
161,0.161,0.8379931,0.8381785,0.83133333333333
162,0.162,0.83846676,0.83865106,0.8453333333333307
163,0.163,0.8389404,0.83912355,0.8399999999999977
164,0.164,0.8394142,0.8395961,0.8389999999999962
165,0.165,0.8398879,0.84006864,0.8513333333333302
166,0.166,0.84036154,0.840541,0.8423333333333308
167,0.167,0.8408352,0.84101343,0.8466666666666645
168,0.168,0.84130895,0.84148574,0.8366666666666637
169,0.169,0.84178245,0.84195805,0.8386666666666638
170,0.17,0.8422562,0.8424302,0.8383333333333299
171,0.171,0.8427295,0.8429023,0.8469999999999983
172,0.172,0.8432031,0.8433743,0.8426666666666635
173,0.173,0.8436763,0.84384614,0.8419999999999976
174,0.174,0.8441496,0.84431785,0.8476666666666636
175,0.175,0.84462273,0.84478945,0.8376666666666639
176,0.176,0.8450957,0.8452609,0.842666666666664
177,0.177,0.8455686,0.84573215,0.8389999999999973
178,0.178,0.8460412,0.8462032,0.851666666666663
179,0.179,0.84651375,0.84667414,0.8376666666666637
180,0.18,0.8469861,0.84714484,0.8546666666666638
181,0.181,0.84745824,0.8476153,0.8453333333333298
182,0.182,0.84793025,0.8480855,0.849666666666664
183,0.183,0.84840184,0.8485555,0.8426666666666638
184,0.184,0.84887356,0.8490253,0.8536666666666638
185,0.185,0.8493447,0.8494948,0.8459999999999975
186,0.186,0.8498159,0.8499641,0.8323333333333298
187,0.187,0.85028666,0.85043305,0.8593333333333304
188,0.188,0.8507572,0.85090166,0.8436666666666628
189,0.189,0.85122734,0.8513701,0.8493333333333304
190,0.19,0.8516974,0.8518381,0.8526666666666645
191,0.191,0.852167,0.8523059,0.8503333333333305
192,0.192,0.8526362,0.85277325,0.8543333333333298
193,0.193,0.85310537,0.8532404,0.85633333333333
194,0.194,0.8535741,0.8537071,0.8489999999999973
195,0.195,0.8540425,0.8541734,0.8446666666666637
196,0.196,0.85451037,0.8546394,0.8489999999999975
197,0.197,0.85497797,0.8551049,0.8563333333333307
198,0.198,0.85544515,0.8555702,0.8489999999999976
199,0.199,0.85591215,0.856035,0.8579999999999979
200,0.2,0.85637856,0.8564994,0.8569999999999973
201,0.201,0.8568446,0.8569634,0.8619999999999969
202,0.202,0.8573102,0.85742694,0.8593333333333303
203,0.203,0.85777545,0.85789,0.86133333333333
204,0.204,0.85824025,0.8583527,0.8523333333333302
205,0.205,0.85870445,0.8588149,0.8589999999999975
206,0.206,0.85916847,0.8592767,0.864999999999997
207,0.207,0.85963196,0.85973793,0.8559999999999967
208,0.208,0.860095,0.86019874,0.8543333333333311
209,0.209,0.8605573,0.86065906,0.859333333333331
210,0.21,0.86101925,0.8611188,0.8639999999999975
211,0.211,0.86148083,0.8615781,0.866999999999997
212,0.212,0.8619419,0.8620368,0.8606666666666634
213,0.213,0.8624023,0.8624951,0.8576666666666638
214,0.214,0.86286217,0.8629528,0.867666666666664
215,0.215,0.8633215,0.86340994,0.8653333333333303
216,0.216,0.8637805,0.8638666,0.856666666666664
217,0.217,0.8642388,0.86432266,0.8629999999999979
218,0.218,0.86469656,0.86477816,0.8623333333333304
219,0.219,0.8651536,0.86523306,0.8613333333333303
220,0.22,0.86561036,0.8656873,0.8549999999999977
221,0.221,0.8660664,0.8661411,0.8736666666666639
222,0.222,0.8665218,0.8665942,0.8659999999999967
223,0.223,0.86697656,0.8670467,0.8599999999999977
224,0.224,0.86743075,0.86749864,0.8606666666666639
225,0.225,0.8678843,0.8679499,0.8693333333333303
226,0.226,0.8683374,0.86840063,0.8649999999999974
227,0.227,0.8687897,0.8688506,0.8719999999999964
228,0.228,0.86924136,0.8693,0.8669999999999969
229,0.229,0.8696923,0.8697488,0.8646666666666639
230,0.23,0.8701427,0.8701969,0.8646666666666641
231,0.231,0.8705925,0.8706443,0.8679999999999978
232,0.232,0.8710416,0.871091,0.8693333333333305
233,0.233,0.87148994,0.87153697,0.8623333333333301
234,0.234,0.8719375,0.8719824,0.8633333333333304
235,0.235,0.8723845,0.8724271,0.8806666666666637
236,0.236,0.87283087,0.8728711,0.8653333333333305
237,0.237,0.8732764,0.8733144,0.8753333333333313
238,0.238,0.8737213,0.8737569,0.8763333333333302
239,0.239,0.8741655,0.8741988,0.8769999999999967
240,0.24,0.8746089,0.87463987,0.8706666666666631
241,0.241,0.87505156,0.8750803,0.8683333333333307
242,0.242,0.8754934,0.87552,0.8783333333333297
243,0.243,0.8759346,0.87595886,0.8806666666666643
244,0.244,0.87637496,0.8763971,0.8836666666666635
245,0.245,0.8768148,0.8768344,0.8719999999999973
246,0.246,0.87725365,0.877271,0.8699999999999966
247,0.247,0.87769175,0.87770694,0.8733333333333305
248,0.248,0.8781291,0.87814206,0.872333333333331
249,0.249,0.8785656,0.8785764,0.8779999999999969
250,0.25,0.87900144,0.8790099,0.8869999999999975
251,0.251,0.8794364,0.87944263,0.8769999999999969
252,0.252,0.87987053,0.8798746,0.8836666666666637
253,0.253,0.8803038,0.88030577,0.8726666666666629
254,0.254,0.8807364,0.8807361,0.8839999999999966
255,0.255,0.8811681,0.8811657,0.875666666666664
256,0.256,0.88159907,0.8815944,0.8793333333333306
257,0.257,0.88202894,0.88202226,0.8836666666666635
258,0.258,0.88245827,0.88244927,0.8773333333333304
259,0.259,0.8828866,0.88287556,0.8886666666666632
260,0.26,0.88331425,0.88330096,0.8886666666666638
261,0.261,0.8837408,0.8837255,0.8673333333333304
262,0.262,0.8841666,0.88414925,0.8776666666666643
263,0.263,0.8845915,0.8845721,0.8779999999999971
264,0.264,0.8850156,0.88499415,0.8839999999999976
265,0.265,0.8854387,0.88541526,0.888999999999998
266,0.266,0.88586104,0.8858355,0.8893333333333305
267,0.267,0.88628244,0.8862549,0.8796666666666646
268,0.268,0.886703,0.88667345,0.8919999999999974
269,0.269,0.8871227,0.8870911,0.8799999999999972
270,0.27,0.8875414,0.8875079,0.8749999999999969
271,0.271,0.8879592,0.8879238,0.8989999999999979
272,0.272,0.8883761,0.8883388,0.8893333333333305
273,0.273,0.88879216,0.88875294,0.8886666666666644
274,0.274,0.8892072,0.88916606,0.8899999999999973
275,0.275,0.8896214,0.8895784,0.8876666666666638
276,0.276,0.8900345,0.88998973,0.8963333333333309
277,0.277,0.89044696,0.8904003,0.8936666666666643
278,0.278,0.89085835,0.8908097,0.896666666666664
279,0.279,0.8912688,0.8912184,0.8869999999999973
280,0.28,0.8916782,0.8916262,0.8913333333333315
281,0.281,0.8920868,0.8920329,0.8846666666666634
282,0.282,0.8924944,0.8924388,0.896333333333331
283,0.283,0.892901,0.8928437,0.8926666666666633
284,0.284,0.8933068,0.8932478,0.8766666666666646
285,0.285,0.8937115,0.89365077,0.8983333333333307
286,0.286,0.89411515,0.8940529,0.9013333333333312
287,0.287,0.894518,0.89445406,0.8953333333333312
288,0.288,0.8949198,0.8948543,0.8876666666666644
289,0.289,0.89532065,0.89525354,0.8996666666666646
290,0.29,0.8957205,0.8956519,0.8943333333333309
291,0.291,0.8961193,0.89604914,0.8886666666666636
292,0.292,0.89651716,0.8964456,0.8906666666666638
293,0.293,0.896914,0.89684093,0.895999999999997
294,0.294,0.8973101,0.89723545,0.8986666666666642
295,0.295,0.897705,0.89762896,0.8989999999999978
296,0.296,0.8980989,0.89802146,0.9076666666666632
297,0.297,0.89849174,0.89841294,0.8983333333333312
298,0.298,0.89888364,0.8988035,0.8883333333333312
299,0.299,0.89927465,0.8991931,0.9019999999999976
300,0.3,0.8996644,0.8995817,0.9079999999999978
301,0.301,0.90005326,0.8999693,0.9016666666666645
302,0.302,0.90044117,0.9003559,0.8946666666666641
303,0.303,0.90082806,0.90074146,0.9019999999999972
304,0.304,0.9012138,0.9011261,0.9106666666666646
305,0.305,0.9015987,0.9015097,0.9036666666666642
306,0.306,0.9019824,0.90189236,0.9026666666666647
307,0.307,0.90236527,0.902274,0.9123333333333309
308,0.308,0.9027469,0.90265465,0.9059999999999976
309,0.309,0.9031276,0.9030342,0.9013333333333309
310,0.31,0.90350735,0.9034129,0.9093333333333307
311,0.311,0.9038859,0.9037905,0.8953333333333308
312,0.312,0.9042635,0.9041671,0.900333333333331
313,0.313,0.9046401,0.9045426,0.9036666666666647
314,0.314,0.9050154,0.9049172,0.9093333333333304
315,0.315,0.90539,0.9052908,0.9153333333333313
316,0.316,0.9057634,0.9056633,0.9056666666666652
317,0.317,0.90613574,0.9060348,0.9049999999999975
318,0.318,0.9065072,0.90640527,0.8979999999999969
319,0.319,0.9068774,0.90677476,0.9056666666666648
320,0.32,0.9072466,0.9071433,0.9159999999999975
321,0.321,0.90761477,0.9075107,0.9033333333333314
322,0.322,0.90798205,0.9078771,0.90333333333333
323,0.323,0.90834796,0.9082424,0.9159999999999976
324,0.324,0.9087129,0.9086067,0.9079999999999973
325,0.325,0.90907687,0.90897,0.9073333333333311
326,0.326,0.9094399,0.90933233,0.9003333333333302
327,0.327,0.90980166,0.90969354,0.9096666666666645
328,0.328,0.91016245,0.91005373,0.9046666666666642
329,0.329,0.91052204,0.9104129,0.9033333333333305
330,0.33,0.9108808,0.910771,0.9119999999999976
331,0.331,0.9112383,0.9111281,0.9103333333333309
332,0.332,0.9115948,0.9114842,0.9173333333333302
333,0.333,0.9119502,0.9118392,0.911999999999998
334,0.334,0.91230476,0.9121931,0.9006666666666634
335,0.335,0.91265786,0.9125461,0.913666666666665
336,0.336,0.9130102,0.91289794,0.9126666666666641
337,0.337,0.9133613,0.9132488,0.9206666666666634
338,0.338,0.9137114,0.9135986,0.9079999999999975
339,0.339,0.9140605,0.91394734,0.905333333333331
340,0.34,0.9144084,0.9142951,0.9173333333333309
341,0.341,0.91475546,0.9146417,0.9166666666666649
342,0.342,0.9151012,0.91498727,0.915333333333331
343,0.343,0.9154459,0.9153319,0.9236666666666644
344,0.344,0.91578954,0.9156754,0.9126666666666653
345,0.345,0.9161322,0.91601783,0.9183333333333311
346,0.346,0.9164738,0.91635925,0.915666666666664
347,0.347,0.91681415,0.9166996,0.9236666666666649
348,0.348,0.9171536,0.9170389,0.9089999999999977
349,0.349,0.9174919,0.9173772,0.9176666666666649
350,0.35,0.9178291,0.9177144,0.9319999999999979
351,0.351,0.91816527,0.9180506,0.9179999999999973
352,0.352,0.91850036,0.9183857,0.9093333333333308
353,0.353,0.9188344,0.9187197,0.9069999999999977
354,0.354,0.9191673,0.9190527,0.9213333333333317
355,0.355,0.91949916,0.9193847,0.9126666666666643
356,0.356,0.91983,0.91971564,0.9299999999999979
357,0.357,0.9201597,0.9200455,0.9183333333333311
358,0.358,0.9204884,0.92037433,0.9209999999999975
359,0.359,0.9208159,0.920702,0.9226666666666647
360,0.36,0.9211424,0.92102873,0.9256666666666639
361,0.361,0.9214678,0.92135435,0.9236666666666637
362,0.362,0.9217922,0.92167896,0.9273333333333316
363,0.363,0.92211545,0.92200255,0.9203333333333307
364,0.364,0.92243767,0.9223251,0.9139999999999975
365,0.365,0.92275894,0.92264646,0.921999999999997
366,0.366,0.92307895,0.92296684,0.9233333333333303
367,0.367,0.92339796,0.9232862,0.9233333333333307
368,0.368,0.9237159,0.9236045,0.9233333333333308
369,0.369,0.92403275,0.92392176,0.9256666666666644
370,0.37,0.9243486,0.9242379,0.9259999999999977
371,0.371,0.92466325,0.9245531,0.9233333333333311
372,0.372,0.9249771,0.9248672,0.9279999999999982
373,0.373,0.9252896,0.9251802,0.9219999999999974
374,0.374,0.9256012,0.9254923,0.9309999999999979
375,0.375,0.92591166,0.9258032,0.9269999999999978
376,0.376,0.9262212,0.9261131,0.9269999999999978
377,0.377,0.9265295,0.92642194,0.9226666666666639
378,0.378,0.92683685,0.9267298,0.9276666666666639
379,0.379,0.927143,0.9270366,0.9259999999999978
380,0.38,0.9274483,0.92734236,0.9163333333333313
381,0.381,0.92775244,0.92764705,0.9283333333333313
382,0.382,0.92805547,0.9279507,0.9286666666666645
383,0.383,0.92835754,0.9282533,0.9226666666666642
384,0.384,0.92865855,0.92855483,0.9333333333333309
385,0.385,0.92895854,0.92885536,0.9293333333333312
386,0.386,0.9292574,0.9291549,0.9259999999999976
387,0.387,0.9295552,0.9294534,0.9296666666666645
388,0.388,0.929852,0.92975074,0.9279999999999975
389,0.389,0.9301476,0.93004715,0.9303333333333308
390,0.39,0.9304424,0.9303425,0.9319999999999978
391,0.391,0.930736,0.93063676,0.9326666666666642
392,0.392,0.9310288,0.9309301,0.9293333333333318
393,0.393,0.9313203,0.9312223,0.9299999999999975
394,0.394,0.9316108,0.93151355,0.9316666666666651
395,0.395,0.93190026,0.9318037,0.9299999999999974
396,0.396,0.9321888,0.9320929,0.9369999999999975
397,0.397,0.9324762,0.93238103,0.9286666666666645
398,0.398,0.9327626,0.93266815,0.9366666666666648
399,0.399,0.93304795,0.9329542,0.9313333333333321
400,0.4,0.93333226,0.9332393,0.9276666666666639
401,0.401,0.9336156,0.93352336,0.940666666666665
402,0.402,0.93389785,0.9338063,0.9329999999999978
403,0.403,0.9341791,0.9340883,0.9299999999999978
404,0.404,0.9344594,0.9343693,0.9336666666666645
405,0.405,0.93473864,0.9346493,0.9316666666666646
406,0.406,0.9350168,0.9349282,0.9316666666666639
407,0.407,0.93529403,0.9352061,0.9329999999999975
408,0.408,0.9355702,0.935483,0.9393333333333314
409,0.409,0.9358452,0.9357589,0.9376666666666644
410,0.41,0.9361193,0.93603384,0.9329999999999979
411,0.411,0.9363925,0.93630767,0.9429999999999982
412,0.412,0.9366646,0.93658054,0.9276666666666642
413,0.413,0.93693566,0.93685246,0.9359999999999981
414,0.414,0.93720585,0.9371233,0.9376666666666648
415,0.415,0.93747497,0.9373932,0.9453333333333317
416,0.416,0.937743,0.937662,0.9439999999999985
417,0.417,0.93801004,0.93792987,0.9349999999999979
418,0.418,0.9382761,0.9381968,0.9433333333333314
419,0.419,0.9385413,0.93846256,0.9356666666666644
420,0.42,0.93880534,0.93872744,0.9339999999999983
421,0.421,0.9390685,0.9389913,0.9419999999999981
422,0.422,0.9393307,0.93925416,0.9386666666666647
423,0.423,0.9395917,0.93951607,0.9356666666666643
424,0.424,0.9398519,0.939777,0.9449999999999982
425,0.425,0.9401111,0.94003695,0.9383333333333316
426,0.426,0.9403693,0.9402959,0.9339999999999976
427,0.427,0.9406265,0.94055384,0.9339999999999982
428,0.428,0.9408828,0.94081074,0.9386666666666638
429,0.429,0.94113797,0.9410668,0.9446666666666648
430,0.43,0.94139236,0.9413218,0.9396666666666641
431,0.431,0.9416457,0.9415758,0.9409999999999981
432,0.432,0.941898,0.9418289,0.9356666666666641
433,0.433,0.94214934,0.942081,0.9446666666666652
434,0.434,0.9423998,0.9423321,0.9513333333333317
435,0.435,0.9426493,0.94258225,0.9346666666666648
436,0.436,0.9428978,0.9428314,0.9479999999999987
437,0.437,0.94314533,0.9430796,0.9456666666666651
438,0.438,0.94339186,0.94332683,0.9463333333333311
439,0.439,0.94363755,0.9435731,0.9409999999999982
440,0.44,0.9438821,0.94381845,0.9406666666666644
441,0.441,0.9441259,0.9440628,0.9429999999999978
442,0.442,0.9443688,0.94430625,0.9449999999999984
443,0.443,0.9446105,0.9445488,0.9379999999999985
444,0.444,0.94485146,0.94479024,0.948999999999998
445,0.445,0.94509137,0.9450308,0.9419999999999982
446,0.446,0.9453305,0.9452704,0.9426666666666648
447,0.447,0.9455685,0.94550914,0.945666666666665
448,0.448,0.9458056,0.94574684,0.9483333333333316
449,0.449,0.9460419,0.94598365,0.9459999999999981
450,0.45,0.94627726,0.9462195,0.9456666666666645
451,0.451,0.94651157,0.94645435,0.9493333333333318
452,0.452,0.9467449,0.94668835,0.9526666666666649
453,0.453,0.9469775,0.94692147,0.9446666666666647
454,0.454,0.9472091,0.94715357,0.9466666666666651
455,0.455,0.9474398,0.9473847,0.9509999999999982
456,0.456,0.94766957,0.94761497,0.9469999999999977
457,0.457,0.9478984,0.9478443,0.9443333333333309
458,0.458,0.9481264,0.94807273,0.9506666666666649
459,0.459,0.94835347,0.9483002,0.9446666666666651
460,0.46,0.9485797,0.94852674,0.950666666666665
461,0.461,0.9488048,0.94875246,0.9459999999999981
462,0.462,0.9490292,0.9489772,0.9509999999999988
463,0.463,0.94925267,0.949201,0.9433333333333316
464,0.464,0.9494751,0.9494239,0.9489999999999986
465,0.465,0.9496968,0.949646,0.9463333333333315
466,0.466,0.9499176,0.94986707,0.9476666666666648
467,0.467,0.9501375,0.95008725,0.9439999999999981
468,0.468,0.95035636,0.95030653,0.943999999999998
469,0.469,0.9505746,0.950525,0.9516666666666649
470,0.47,0.9507918,0.95074254,0.9543333333333317
471,0.471,0.9510082,0.95095915,0.9583333333333319
472,0.472,0.95122355,0.95117486,0.9489999999999984
473,0.473,0.95143807,0.9513897,0.9556666666666654
474,0.474,0.95165193,0.95160365,0.9493333333333315
475,0.475,0.9518648,0.95181674,0.9593333333333321
476,0.476,0.9520767,0.95202893,0.952666666666665
477,0.477,0.9522879,0.9522402,0.9499999999999983
478,0.478,0.952498,0.95245063,0.9536666666666651
479,0.479,0.95270747,0.9526602,0.9473333333333317
480,0.48,0.95291597,0.9528689,0.9503333333333323
481,0.481,0.95312375,0.95307666,0.9559999999999984
482,0.482,0.95333064,0.95328367,0.9533333333333315
483,0.483,0.9535365,0.9534897,0.9566666666666646
484,0.484,0.95374167,0.95369494,0.9579999999999985
485,0.485,0.95394605,0.95389926,0.9579999999999986
486,0.486,0.95414937,0.9541028,0.9519999999999985
487,0.487,0.95435196,0.95430547,0.9553333333333318
488,0.488,0.9545539,0.95450723,0.9556666666666646
489,0.489,0.9547548,0.95470816,0.955333333333332
490,0.49,0.95495486,0.9549082,0.9533333333333321
491,0.491,0.9551542,0.9551075,0.9563333333333316
492,0.492,0.9553526,0.9553059,0.9589999999999985
493,0.493,0.9555503,0.9555034,0.950333333333332
494,0.494,0.95574707,0.95570016,0.9529999999999976
495,0.495,0.95594305,0.955896,0.962999999999999
496,0.496,0.95613813,0.95609105,0.956666666666665
497,0.497,0.9563324,0.95628524,0.9596666666666654
498,0.498,0.956526,0.95647866,0.952666666666665
499,0.499,0.9567188,0.95667124,0.9536666666666649
500,0.5,0.95691055,0.9568629,0.9539999999999988
501,0.501,0.9571017,0.95705384,0.9586666666666649
502,0.502,0.957292,0.9572439,0.9573333333333319
503,0.503,0.9574816,0.9574331,0.9626666666666654
504,0.504,0.95767015,0.95762163,0.9553333333333316
505,0.505,0.9578582,0.95780927,0.9566666666666653
506,0.506,0.95804524,0.95799613,0.9613333333333322
507,0.507,0.9582315,0.9581821,0.9549999999999985
508,0.508,0.958417,0.95836735,0.9606666666666654
509,0.509,0.95860183,0.95855176,0.960666666666665
510,0.51,0.9587857,0.95873535,0.9643333333333319
511,0.511,0.9589688,0.95891815,0.964666666666665
512,0.512,0.95915127,0.9591002,0.9646666666666653
513,0.513,0.9593328,0.95928144,0.9583333333333317
514,0.514,0.9595136,0.95946187,0.9576666666666649
515,0.515,0.95969373,0.9596415,0.9573333333333316
516,0.516,0.95987296,0.95982033,0.9599999999999982
517,0.517,0.96005154,0.9599984,0.9636666666666655
518,0.518,0.96022934,0.96017575,0.9583333333333316
519,0.519,0.96040624,0.9603523,0.9599999999999985
520,0.52,0.9605825,0.960528,0.968666666666665
521,0.521,0.96075785,0.960703,0.9583333333333317
522,0.522,0.9609327,0.9608771,0.960999999999999
523,0.523,0.9611067,0.96105057,0.9599999999999986
524,0.524,0.96127987,0.96122324,0.9636666666666656
525,0.525,0.9614522,0.9613952,0.9669999999999989
526,0.526,0.96162397,0.9615663,0.9609999999999991
527,0.527,0.96179485,0.9617367,0.9589999999999984
528,0.528,0.96196514,0.9619063,0.9639999999999983
529,0.529,0.96213454,0.9620752,0.9623333333333317
530,0.53,0.9623033,0.9622434,0.9656666666666653
531,0.531,0.96247125,0.96241075,0.9586666666666648
532,0.532,0.9626385,0.9625773,0.9669999999999987
533,0.533,0.962805,0.9627432,0.9623333333333317
534,0.534,0.962971,0.9629084,0.9603333333333316
535,0.535,0.96313584,0.9630727,0.9649999999999984
536,0.536,0.9633003,0.9632364,0.9669999999999989
537,0.537,0.96346384,0.96339935,0.9646666666666656
538,0.538,0.9636268,0.96356153,0.9646666666666656
539,0.539,0.9637889,0.963723,0.9689999999999989
540,0.54,0.9639504,0.9638838,0.968999999999999
541,0.541,0.96411115,0.9640438,0.9579999999999984
542,0.542,0.96427125,0.9642031,0.9603333333333323
543,0.543,0.96443045,0.9643617,0.960666666666665
544,0.544,0.96458906,0.96451956,0.9609999999999982
545,0.545,0.964747,0.9646767,0.9676666666666652
546,0.546,0.9649042,0.96483314,0.9633333333333318
547,0.547,0.9650607,0.9649889,0.9689999999999984
548,0.548,0.9652166,0.9651439,0.968333333333332
549,0.549,0.9653717,0.96529824,0.9693333333333326
550,0.55,0.9655261,0.96545184,0.9599999999999986
551,0.551,0.96567994,0.9656048,0.9603333333333316
552,0.552,0.9658329,0.9657571,0.962333333333332
553,0.553,0.9659853,0.9659086,0.9686666666666658
554,0.554,0.966137,0.9660594,0.9663333333333319
555,0.555,0.966288,0.96620953,0.9659999999999984
556,0.556,0.96643823,0.966359,0.9683333333333324
557,0.557,0.96658784,0.9665078,0.9663333333333323
558,0.558,0.9667368,0.9666559,0.9696666666666655
559,0.559,0.96688503,0.9668033,0.9616666666666654
560,0.56,0.96703273,0.96695006,0.9676666666666657
561,0.561,0.96717966,0.9670961,0.9626666666666651
562,0.562,0.96732587,0.9672415,0.976333333333332
563,0.563,0.9674715,0.96738625,0.9656666666666655
564,0.564,0.9676165,0.9675303,0.9709999999999989
565,0.565,0.9677608,0.9676737,0.9689999999999985
566,0.566,0.96790445,0.9678165,0.9713333333333328
567,0.567,0.9680473,0.9679585,0.9696666666666657
568,0.568,0.9681897,0.9680999,0.9629999999999989
569,0.569,0.96833134,0.96824074,0.9663333333333322
570,0.57,0.9684723,0.9683808,0.973333333333332
571,0.571,0.9686126,0.9685203,0.9669999999999986
572,0.572,0.9687523,0.9686591,0.9653333333333319
573,0.573,0.9688915,0.9687972,0.964999999999999
574,0.574,0.96902996,0.9689347,0.9703333333333323
575,0.575,0.96916765,0.9690716,0.9673333333333322
576,0.576,0.96930486,0.9692079,0.9723333333333322
577,0.577,0.96944135,0.9693434,0.9689999999999992
578,0.578,0.96957713,0.9694784,0.9679999999999991
579,0.579,0.9697124,0.9696128,0.968333333333332
580,0.58,0.96984714,0.96974653,0.9736666666666656
581,0.581,0.96998113,0.96987957,0.9696666666666657
582,0.582,0.97011447,0.970012,0.969999999999999
583,0.583,0.97024715,0.97014385,0.9769999999999992
584,0.584,0.9703793,0.97027504,0.9713333333333323
585,0.585,0.9705108,0.9704057,0.9716666666666657
586,0.586,0.97064173,0.9705357,0.9686666666666657
587,0.587,0.970772,0.97066504,0.969999999999999
588,0.588,0.97090167,0.9707938,0.9666666666666657
589,0.589,0.9710307,0.97092193,0.9689999999999989
590,0.59,0.9711591,0.97104955,0.9666666666666653
591,0.591,0.971287,0.97117645,0.972999999999999
592,0.592,0.9714144,0.9713028,0.9769999999999993
593,0.593,0.9715408,0.9714285,0.9699999999999991
594,0.594,0.9716669,0.97155374,0.9763333333333324
595,0.595,0.97179246,0.9716783,0.9753333333333326
596,0.596,0.9719172,0.97180223,0.9676666666666655
597,0.597,0.97204155,0.9719256,0.976999999999999
598,0.598,0.9721651,0.97204846,0.9686666666666655
599,0.599,0.9722882,0.97217065,0.9749999999999988
600,0.6,0.97241056,0.97229224,0.9663333333333322
601,0.601,0.97253245,0.9724133,0.9753333333333326
602,0.602,0.97265375,0.97253376,0.975666666666666
603,0.603,0.9727745,0.9726536,0.9733333333333322
604,0.604,0.9728946,0.972773,0.9736666666666653
605,0.605,0.9730143,0.97289175,0.9753333333333323
606,0.606,0.97313327,0.9730099,0.9723333333333323
607,0.607,0.97325164,0.9731275,0.9716666666666653
608,0.608,0.9733695,0.97324455,0.9703333333333323
609,0.609,0.9734867,0.9733611,0.9706666666666653
610,0.61,0.9736035,0.973477,0.9719999999999993
611,0.611,0.9737196,0.97359234,0.9706666666666655
612,0.612,0.9738352,0.97370714,0.9726666666666657
613,0.613,0.9739501,0.9738214,0.969333333333332
614,0.614,0.97406465,0.9739351,0.9689999999999986
615,0.615,0.97417855,0.9740483,0.9686666666666655
616,0.616,0.97429174,0.9741609,0.973999999999999
617,0.617,0.9744047,0.974273,0.9679999999999991
618,0.618,0.9745169,0.97438455,0.9696666666666655
619,0.619,0.9746286,0.97449553,0.9733333333333326
620,0.62,0.9747398,0.974606,0.9733333333333324
621,0.621,0.97485024,0.9747159,0.9773333333333325
622,0.622,0.9749604,0.97482526,0.9766666666666655
623,0.623,0.9750699,0.9749341,0.9729999999999989
624,0.624,0.97517884,0.9750424,0.9706666666666653
625,0.625,0.9752874,0.9751502,0.9789999999999996
626,0.626,0.97539514,0.9752575,0.9726666666666659
627,0.627,0.9755025,0.97536427,0.9796666666666659
628,0.628,0.9756094,0.9754705,0.9779999999999993
629,0.629,0.97571564,0.97557616,0.9766666666666656
630,0.63,0.9758214,0.97568136,0.9806666666666661
631,0.631,0.9759266,0.9757861,0.9786666666666659
632,0.632,0.97603136,0.9758903,0.9793333333333325
633,0.633,0.9761356,0.97599393,0.9749999999999991
634,0.634,0.9762392,0.97609705,0.9736666666666655
635,0.635,0.9763424,0.97619975,0.9716666666666655
636,0.636,0.97644496,0.9763019,0.9756666666666659
637,0.637,0.97654706,0.97640353,0.9756666666666656
638,0.638,0.9766487,0.9765047,0.975666666666665
639,0.639,0.9767498,0.9766053,0.9776666666666659
640,0.64,0.97685045,0.97670543,0.973666666666666
641,0.641,0.97695047,0.9768051,0.9743333333333322
642,0.642,0.97705,0.9769043,0.9789999999999995
643,0.643,0.97714907,0.977003,0.9789999999999994
644,0.644,0.97724766,0.97710115,0.972333333333332
645,0.645,0.9773458,0.97719884,0.9796666666666656
646,0.646,0.9774434,0.97729605,0.9769999999999993
647,0.647,0.97754043,0.97739285,0.9786666666666654
648,0.648,0.97763705,0.97748905,0.9833333333333328
649,0.649,0.9777331,0.9775849,0.9776666666666657
650,0.65,0.9778287,0.97768015,0.9806666666666657
651,0.651,0.977924,0.977775,0.9783333333333324
652,0.652,0.9780184,0.9778694,0.9776666666666659
653,0.653,0.97811264,0.97796327,0.9813333333333326
654,0.654,0.9782063,0.97805667,0.9749999999999993
655,0.655,0.9782994,0.9781497,0.9726666666666659
656,0.656,0.9783921,0.9782422,0.9769999999999992
657,0.657,0.9784844,0.97833425,0.9793333333333324
658,0.658,0.97857606,0.9784258,0.9786666666666656
659,0.659,0.9786674,0.97851694,0.9786666666666656
660,0.66,0.9787581,0.9786076,0.9736666666666657
661,0.661,0.9788485,0.97869784,0.9789999999999992
662,0.662,0.97893846,0.9787876,0.9806666666666661
663,0.663,0.9790277,0.9788769,0.9799999999999993
664,0.664,0.97911674,0.9789658,0.9753333333333325
665,0.665,0.9792052,0.9790542,0.9769999999999989
666,0.666,0.9792932,0.9791422,0.9763333333333328
667,0.667,0.97938085,0.97922975,0.9786666666666659
668,0.668,0.97946787,0.97931683,0.9816666666666656
669,0.669,0.9795545,0.9794035,0.9826666666666662
670,0.67,0.97964066,0.97948974,0.9829999999999992
671,0.671,0.9797264,0.9795755,0.9816666666666661
672,0.672,0.97981167,0.97966087,0.9799999999999995
673,0.673,0.9798965,0.9797458,0.9799999999999993
674,0.674,0.9799809,0.9798303,0.9763333333333324
675,0.675,0.98006487,0.97991437,0.9813333333333325
676,0.676,0.9801485,0.979998,0.9779999999999993
677,0.677,0.98023146,0.9800812,0.9813333333333327
678,0.678,0.980314,0.98016405,0.9793333333333327
679,0.679,0.9803963,0.9802464,0.9783333333333323
680,0.68,0.980478,0.98032844,0.9789999999999989
681,0.681,0.98055935,0.98041,0.9793333333333326
682,0.682,0.9806403,0.98049104,0.9769999999999992
683,0.683,0.9807207,0.9805718,0.9786666666666659
684,0.684,0.9808008,0.9806521,0.9773333333333327
685,0.685,0.9808804,0.980732,0.9819999999999993
686,0.686,0.98095965,0.98081154,0.9809999999999993
687,0.687,0.9810383,0.98089063,0.9799999999999994
688,0.688,0.98111665,0.9809693,0.9789999999999991
689,0.689,0.9811946,0.98104763,0.9786666666666657
690,0.69,0.9812721,0.9811255,0.9786666666666658
691,0.691,0.9813492,0.98120296,0.9806666666666656
692,0.692,0.98142576,0.9812801,0.9829999999999992
693,0.693,0.9815022,0.9813568,0.9766666666666655
694,0.694,0.98157805,0.98143303,0.980333333333333
695,0.695,0.9816535,0.981509,0.985333333333333
696,0.696,0.98172855,0.9815845,0.9826666666666659
697,0.697,0.9818032,0.98165965,0.9809999999999989
698,0.698,0.9818774,0.9817344,0.980666666666666
699,0.699,0.9819512,0.9818087,0.9819999999999994
700,0.7,0.98202467,0.9818827,0.9793333333333324
701,0.701,0.98209774,0.9819563,0.9823333333333326
702,0.702,0.9821701,0.9820295,0.9816666666666661
703,0.703,0.9822425,0.9821024,0.9783333333333327
704,0.704,0.9823144,0.9821749,0.982333333333333
705,0.705,0.9823859,0.98224694,0.9829999999999993
706,0.706,0.98245686,0.98231864,0.9799999999999995
707,0.707,0.9825276,0.98239,0.980999999999999
708,0.708,0.98259777,0.982461,0.9819999999999992
709,0.709,0.9826679,0.9825316,0.9836666666666661
710,0.71,0.9827373,0.9826018,0.9809999999999992
711,0.711,0.9828064,0.9826717,0.984333333333333
712,0.712,0.9828752,0.98274124,0.9819999999999993
713,0.713,0.98294353,0.9828104,0.9846666666666659
714,0.714,0.98301166,0.98287916,0.9836666666666658
715,0.715,0.98307925,0.9829476,0.9839999999999991
716,0.716,0.9831466,0.98301566,0.983333333333333
717,0.717,0.9832135,0.98308337,0.9859999999999995
718,0.718,0.9832799,0.9831507,0.9809999999999992
719,0.719,0.9833461,0.9832177,0.988666666666666
720,0.72,0.9834119,0.9832844,0.9859999999999993
721,0.721,0.98347735,0.98335075,0.9839999999999994
722,0.722,0.9835423,0.98341674,0.9833333333333325
723,0.723,0.9836072,0.9834823,0.979666666666666
724,0.724,0.9836715,0.9835476,0.9803333333333325
725,0.725,0.9837354,0.98361254,0.9796666666666656
726,0.726,0.98379916,0.9836771,0.9866666666666659
727,0.727,0.98386234,0.98374134,0.9776666666666658
728,0.728,0.98392534,0.98380524,0.982666666666666
729,0.729,0.98398775,0.98386884,0.9829999999999995
730,0.73,0.9840501,0.9839321,0.9853333333333327
731,0.731,0.98411196,0.983995,0.9843333333333325
732,0.732,0.9841736,0.98405755,0.9846666666666658
733,0.733,0.98423475,0.9841198,0.9859999999999997
734,0.734,0.9842956,0.9841817,0.9839999999999993
735,0.735,0.984356,0.9842433,0.990333333333333
736,0.736,0.9844163,0.98430455,0.9866666666666661
737,0.737,0.98447615,0.98436546,0.9869999999999995
738,0.738,0.98453575,0.984426,0.9849999999999991
739,0.739,0.9845947,0.98448634,0.984666666666666
740,0.74,0.9846536,0.9845463,0.9856666666666658
741,0.741,0.9847122,0.98460597,0.9829999999999993
742,0.742,0.98477024,0.9846652,0.983666666666666
743,0.743,0.9848281,0.9847242,0.983333333333333
744,0.744,0.98488563,0.98478293,0.9849999999999993
745,0.745,0.98494273,0.9848413,0.9883333333333328
746,0.746,0.98499966,0.9848994,0.9813333333333326
747,0.747,0.9850563,0.9849571,0.987333333333333
748,0.748,0.98511237,0.98501456,0.9803333333333326
749,0.749,0.98516834,0.98507166,0.9826666666666658
750,0.75,0.98522377,0.9851285,0.9853333333333327
751,0.751,0.9852791,0.98518497,0.9826666666666661
752,0.752,0.9853341,0.9852412,0.9849999999999994
753,0.753,0.98538864,0.9852971,0.9803333333333325
754,0.754,0.9854431,0.98535275,0.9859999999999993
755,0.755,0.9854971,0.985408,0.9853333333333328
756,0.756,0.9855508,0.985463,0.9839999999999993
757,0.757,0.9856043,0.9855177,0.985666666666666
758,0.758,0.9856574,0.98557216,0.9856666666666658
759,0.759,0.98571,0.9856262,0.9863333333333325
760,0.76,0.98576254,0.98568,0.9859999999999994
761,0.761,0.98581487,0.98573357,0.989666666666666
762,0.762,0.98586667,0.98578674,0.9826666666666658
763,0.763,0.98591834,0.9858397,0.9879999999999995
764,0.764,0.98596966,0.98589236,0.9869999999999993
765,0.765,0.9860206,0.9859447,0.9866666666666661
766,0.766,0.98607135,0.9859968,0.9816666666666657
767,0.767,0.9861218,0.9860485,0.9873333333333328
768,0.768,0.98617196,0.9861,0.9893333333333328
769,0.769,0.98622185,0.9861513,0.986333333333333
770,0.77,0.9862713,0.9862022,0.9846666666666662
771,0.771,0.98632056,0.98625284,0.9896666666666663
772,0.772,0.9863696,0.9863032,0.9836666666666661
773,0.773,0.9864183,0.9863533,0.9873333333333328
774,0.774,0.9864665,0.9864031,0.9863333333333327
775,0.775,0.9865148,0.98645264,0.986666666666666
776,0.776,0.98656267,0.9865019,0.986666666666666
777,0.777,0.9866101,0.9865509,0.9879999999999993
778,0.778,0.9866576,0.9865996,0.9919999999999994
779,0.779,0.9867046,0.9866481,0.9863333333333325
780,0.78,0.9867513,0.98669624,0.9873333333333332
781,0.781,0.9867979,0.98674417,0.9876666666666662
782,0.782,0.986844,0.9867918,0.986666666666666
783,0.783,0.98689,0.9868392,0.989333333333333
784,0.784,0.9869356,0.98688626,0.9883333333333328
785,0.785,0.9869811,0.9869331,0.9849999999999994
786,0.786,0.9870262,0.98697966,0.9903333333333328
787,0.787,0.98707116,0.9870259,0.9866666666666661
788,0.788,0.9871158,0.98707205,0.9839999999999995
789,0.789,0.98716015,0.98711777,0.9833333333333327
790,0.79,0.98720413,0.9871633,0.9873333333333328
791,0.791,0.98724806,0.9872086,0.9859999999999992
792,0.792,0.98729163,0.9872536,0.9846666666666662
793,0.793,0.9873351,0.98729837,0.9889999999999995
794,0.794,0.9873782,0.98734283,0.9886666666666662
795,0.795,0.987421,0.98738706,0.9866666666666659
796,0.796,0.9874635,0.98743105,0.9896666666666664
797,0.797,0.98750585,0.9874748,0.9873333333333328
798,0.798,0.987548,0.9875183,0.9873333333333326
799,0.799,0.9875898,0.9875615,0.9883333333333328
800,0.8,0.9876314,0.9876045,0.9883333333333327
801,0.801,0.9876728,0.98764724,0.9859999999999994
802,0.802,0.9877139,0.98768973,0.9873333333333331
803,0.803,0.9877547,0.98773193,0.9856666666666661
804,0.804,0.98779523,0.98777395,0.985666666666666
805,0.805,0.98783576,0.9878157,0.9886666666666662
806,0.806,0.9878758,0.9878572,0.988333333333333
807,0.807,0.9879156,0.98789847,0.9893333333333332
808,0.808,0.98795533,0.9879395,0.9813333333333325
809,0.809,0.98799473,0.98798025,0.988333333333333
810,0.81,0.988034,0.98802084,0.9909999999999995
811,0.811,0.988073,0.98806113,0.9863333333333326
812,0.812,0.98811173,0.9881012,0.9929999999999998
813,0.813,0.9881502,0.98814106,0.9899999999999995
814,0.814,0.9881885,0.98818064,0.988333333333333
815,0.815,0.9882265,0.98822004,0.990333333333333
816,0.816,0.9882643,0.98825914,0.9889999999999994
817,0.817,0.98830193,0.988298,0.9869999999999995
818,0.818,0.9883393,0.9883367,0.9889999999999993
819,0.819,0.9883765,0.98837507,0.9889999999999994
820,0.82,0.98841345,0.9884133,0.9863333333333326
821,0.821,0.98845017,0.98845124,0.9879999999999997
822,0.822,0.98848665,0.988489,0.9886666666666659
823,0.823,0.988523,0.98852646,0.9893333333333331
824,0.824,0.98855907,0.9885638,0.9889999999999997
825,0.825,0.98859495,0.98860085,0.9879999999999994
826,0.826,0.98863053,0.9886376,0.9893333333333332
827,0.827,0.988666,0.9886743,0.9876666666666662
828,0.828,0.98870116,0.98871064,0.9896666666666663
829,0.829,0.98873615,0.9887468,0.9849999999999992
830,0.83,0.9887711,0.98878276,0.9859999999999994
831,0.831,0.98880553,0.9888184,0.9853333333333326
832,0.832,0.98884,0.98885393,0.9916666666666663
833,0.833,0.98887414,0.9888892,0.9889999999999997
834,0.834,0.9889081,0.98892426,0.9943333333333332
835,0.835,0.9889419,0.9889591,0.9876666666666664
836,0.836,0.9889755,0.9889937,0.9889999999999995
837,0.837,0.9890088,0.9890281,0.989333333333333
838,0.838,0.98904204,0.98906225,0.989333333333333
839,0.839,0.98907495,0.9890962,0.9923333333333331
840,0.84,0.9891077,0.98912996,0.9876666666666661
841,0.841,0.9891404,0.9891635,0.9889999999999993
842,0.842,0.98917276,0.98919684,0.993
843,0.843,0.98920494,0.98923,0.9879999999999994
844,0.844,0.98923695,0.9892629,0.9879999999999995
845,0.845,0.9892688,0.98929554,0.9896666666666659
846,0.846,0.9893004,0.98932797,0.989333333333333
847,0.847,0.9893317,0.9893603,0.9899999999999997
848,0.848,0.98936296,0.9893923,0.9906666666666663
849,0.849,0.9893939,0.98942417,0.9886666666666662
850,0.85,0.9894249,0.9894558,0.987333333333333
851,0.851,0.98945564,0.98948723,0.9909999999999999
852,0.852,0.989486,0.98951846,0.9899999999999997
853,0.853,0.9895164,0.98954946,0.9903333333333331
854,0.854,0.9895465,0.9895803,0.9899999999999997
855,0.855,0.98957646,0.9896109,0.9869999999999997
856,0.856,0.98960626,0.98964125,0.9879999999999994
857,0.857,0.9896358,0.98967147,0.9886666666666661
858,0.858,0.9896651,0.98970145,0.9909999999999994
859,0.859,0.98969436,0.98973125,0.9923333333333331
860,0.86,0.9897234,0.9897608,0.9869999999999994
861,0.861,0.98975235,0.9897902,0.986666666666666
862,0.862,0.989781,0.9898194,0.9893333333333328
863,0.863,0.9898096,0.9898484,0.9916666666666664
864,0.864,0.9898379,0.98987716,0.9916666666666663
865,0.865,0.989866,0.9899058,0.9903333333333331
866,0.866,0.98989415,0.98993415,0.9913333333333331
867,0.867,0.989922,0.98996234,0.9923333333333331
868,0.868,0.9899496,0.9899903,0.989666666666666
869,0.869,0.9899771,0.9900181,0.9936666666666664
870,0.87,0.99000454,0.99004567,0.9916666666666661
871,0.871,0.99003166,0.9900731,0.9906666666666664
872,0.872,0.9900587,0.99010026,0.9873333333333327
873,0.873,0.99008554,0.99012727,0.9919999999999999
874,0.874,0.99011225,0.9901541,0.9896666666666663
875,0.875,0.9901388,0.99018073,0.9889999999999995
876,0.876,0.9901652,0.99020714,0.9906666666666664
877,0.877,0.99019134,0.9902333,0.9929999999999998
878,0.878,0.9902174,0.9902594,0.9886666666666664
879,0.879,0.99024326,0.9902852,0.9926666666666664
880,0.88,0.99026906,0.99031085,0.990666666666666
881,0.881,0.9902946,0.9903363,0.989333333333333
882,0.882,0.99031997,0.9903615,0.9883333333333331
883,0.883,0.9903451,0.99038666,0.9929999999999997
884,0.884,0.99037033,0.99041146,0.9899999999999999
885,0.885,0.99039525,0.99043614,0.991333333333333
886,0.886,0.99042016,0.9904607,0.9896666666666661
887,0.887,0.9904447,0.99048495,0.9940000000000001
888,0.888,0.9904694,0.99050903,0.9909999999999998
889,0.889,0.9904937,0.990533,0.9919999999999998
890,0.89,0.9905179,0.9905568,0.9913333333333331
891,0.891,0.990542,0.9905803,0.992333333333333
892,0.892,0.99056584,0.9906036,0.9896666666666661
893,0.893,0.9905897,0.99062675,0.9923333333333332
894,0.894,0.9906132,0.99064976,0.9909999999999998
895,0.895,0.9906368,0.9906725,0.9906666666666664
896,0.896,0.9906602,0.9906951,0.9939999999999999
897,0.897,0.99068326,0.99071753,0.9916666666666665
898,0.898,0.9907064,0.9907397,0.9913333333333328
899,0.899,0.9907292,0.99076176,0.9909999999999995
900,0.9,0.99075204,0.99078363,0.9899999999999995
901,0.901,0.9907747,0.99080527,0.9903333333333331
902,0.902,0.9907973,0.9908267,0.9939999999999998
903,0.903,0.9908196,0.990848,0.9933333333333333
904,0.904,0.9908418,0.99086905,0.991333333333333
905,0.905,0.9908639,0.99088997,0.990333333333333
906,0.906,0.99088585,0.9909107,0.9896666666666663
907,0.907,0.9909077,0.9909312,0.9903333333333331
908,0.908,0.9909295,0.9909516,0.9896666666666666
909,0.909,0.9909509,0.9909717,0.9896666666666661
910,0.91,0.9909723,0.99099165,0.9943333333333332
911,0.911,0.9909936,0.99101144,0.9909999999999994
912,0.912,0.9910147,0.991031,0.9919999999999994
913,0.913,0.9910358,0.9910504,0.9936666666666664
914,0.914,0.9910567,0.9910696,0.9909999999999994
915,0.915,0.9910775,0.9910886,0.9939999999999997
916,0.916,0.99109805,0.99110746,0.9873333333333331
917,0.917,0.9911186,0.9911261,0.9936666666666664
918,0.918,0.99113905,0.9911446,0.9929999999999999
919,0.919,0.99115944,0.99116284,0.9909999999999997
920,0.92,0.9911794,0.9911809,0.9939999999999997
921,0.921,0.9911995,0.9911988,0.9909999999999998
922,0.922,0.99121946,0.9912165,0.9919999999999999
923,0.923,0.99123925,0.99123394,0.9896666666666663
924,0.924,0.9912588,0.9912513,0.9933333333333332
925,0.925,0.99127835,0.9912684,0.9893333333333331
926,0.926,0.99129784,0.9912853,0.9923333333333332
927,0.927,0.9913172,0.9913021,0.9923333333333331
928,0.928,0.9913363,0.9913186,0.989666666666666
929,0.929,0.99135536,0.991335,0.9909999999999994
930,0.93,0.9913743,0.9913512,0.9883333333333328
931,0.931,0.99139315,0.9913671,0.9916666666666661
932,0.932,0.99141186,0.9913829,0.9906666666666664
933,0.933,0.99143046,0.99139845,0.9906666666666665
934,0.934,0.991449,0.99141383,0.9923333333333331
935,0.935,0.9914673,0.99142903,0.9916666666666664
936,0.936,0.9914856,0.99144405,0.992333333333333
937,0.937,0.9915036,0.9914588,0.9919999999999997
938,0.938,0.9915217,0.99147344,0.986666666666666
939,0.939,0.9915396,0.9914878,0.992333333333333
940,0.94,0.9915574,0.991502,0.991333333333333
941,0.941,0.9915753,0.99151593,0.9919999999999998
942,0.942,0.9915927,0.99152976,0.9906666666666664
943,0.943,0.99161017,0.99154335,0.9879999999999997
944,0.944,0.99162763,0.9915567,0.9909999999999997
945,0.945,0.99164486,0.99156994,0.989333333333333
946,0.946,0.99166214,0.9915829,0.9916666666666665
947,0.947,0.9916791,0.9915956,0.9919999999999995
948,0.948,0.9916961,0.9916082,0.9919999999999999
949,0.949,0.9917129,0.99162054,0.9906666666666664
950,0.95,0.9917296,0.9916327,0.9913333333333328
951,0.951,0.9917463,0.9916446,0.9903333333333328
952,0.952,0.9917629,0.9916563,0.9903333333333331
953,0.953,0.99177927,0.99166775,0.9903333333333327
954,0.954,0.9917957,0.991679,0.9926666666666663
955,0.955,0.9918119,0.9916901,0.9896666666666661
956,0.956,0.99182796,0.99170095,0.9899999999999997
957,0.957,0.9918441,0.99171156,0.9909999999999995
958,0.958,0.99186003,0.9917219,0.9909999999999995
959,0.959,0.99187577,0.99173206,0.9943333333333332
960,0.96,0.9918915,0.99174196,0.994333333333333
961,0.961,0.9919071,0.9917517,0.9899999999999995
962,0.962,0.9919227,0.9917611,0.9916666666666665
963,0.963,0.99193823,0.9917703,0.9906666666666664
964,0.964,0.99195355,0.9917793,0.9899999999999999
965,0.965,0.99196875,0.991788,0.9919999999999995
966,0.966,0.99198395,0.99179655,0.9923333333333331
967,0.967,0.99199903,0.9918048,0.9909999999999995
968,0.968,0.99201405,0.99181277,0.9909999999999999
969,0.969,0.99202895,0.9918205,0.9946666666666663
970,0.97,0.9920437,0.991828,0.9926666666666663
971,0.971,0.9920584,0.9918352,0.9923333333333332
972,0.972,0.99207306,0.9918421,0.9919999999999995
973,0.973,0.99208754,0.99184877,0.9863333333333331
974,0.974,0.9921019,0.99185514,0.9913333333333328
975,0.975,0.9921162,0.9918613,0.9876666666666658
976,0.976,0.9921305,0.9918671,0.9913333333333332
977,0.977,0.99214476,0.99187267,0.9929999999999998
978,0.978,0.99215883,0.99187785,0.9943333333333331
979,0.979,0.9921727,0.9918828,0.9933333333333331
980,0.98,0.9921866,0.9918874,0.9933333333333331
981,0.981,0.9922004,0.9918917,0.9899999999999997
982,0.982,0.99221426,0.9918956,0.9916666666666664
983,0.983,0.9922278,0.99189925,0.9926666666666664
984,0.984,0.99224156,0.9919025,0.9923333333333331
985,0.985,0.99225485,0.9919054,0.9899999999999998
986,0.986,0.9922683,0.99190795,0.9939999999999998
987,0.987,0.9922815,0.9919101,0.9933333333333331
988,0.988,0.9922948,0.9919118,0.9923333333333331
989,0.989,0.9923079,0.99191314,0.989333333333333
990,0.99,0.9923209,0.99191403,0.9916666666666661
991,0.991,0.9923339,0.9919145,0.993333333333333
992,0.992,0.99234676,0.99191445,0.9929999999999997
993,0.993,0.99235976,0.9919139,0.9929999999999997
994,0.994,0.99237245,0.9919128,0.9899999999999994
995,0.995,0.9923851,0.99191105,0.9906666666666663
996,0.996,0.99239767,0.9919087,0.9903333333333332
997,0.997,0.9924101,0.9919057,0.9896666666666663
998,0.998,0.9924225,0.9919018,0.9913333333333332
999,0.999,0.9924348,0.991897,0.9939999999999999
1000,1.0,0.99244714,0.9918909,0.989333333333333
